{
  "task1_user_modeling": {},
  "task2_recommendation": {
    "claude_sonnet_4": {
      "reranker": "anthropic:claude-sonnet-4-20250514",
      "n_valid": 17,
      "n_errors": 1,
      "NDCG_at_10": 0.42974636199924543,
      "HR_at_1": 0.29411764705882354,
      "HR_at_3": 0.22549019607843135,
      "HR_at_5": 0.3529411764705882
    },
    "naija_reviewer_8b": {
      "reranker": "lmstudio:naija-reviewer-8b",
      "n_valid": 17,
      "n_errors": 1,
      "NDCG_at_10": 0.5722795499684792,
      "HR_at_1": 0.5294117647058824,
      "HR_at_3": 0.5294117647058824,
      "HR_at_5": 0.5882352941176471
    },
    "llama_3_3_70b_hf": {
      "reranker": "hf:meta-llama/Llama-3.3-70B-Instruct",
      "n_valid": 14,
      "n_errors": 4,
      "NDCG_at_10": 0.47747173420539885,
      "HR_at_1": 0.5714285714285714,
      "HR_at_3": 0.25,
      "HR_at_5": 0.2976190476190476
    },
    "qwen_2_5_72b_hf": {
      "reranker": "hf:Qwen/Qwen2.5-72B-Instruct",
      "n_valid": 17,
      "n_errors": 1,
      "NDCG_at_10": 0.46141865116762043,
      "HR_at_1": 0.4117647058823529,
      "HR_at_3": 0.28431372549019607,
      "HR_at_5": 0.32352941176470584
    },
    "gpt_oss_120b_ocloud": {
      "reranker": "ollama-cloud:gpt-oss:120b",
      "n_valid": 16,
      "n_errors": 2,
      "NDCG_at_10": 0.3661005037028841,
      "HR_at_1": 0.125,
      "HR_at_3": 0.17708333333333331,
      "HR_at_5": 0.32291666666666663
    }
  }
}