{
  "task1_user_modeling": {},
  "task2_recommendation": {
    "claude_sonnet_4": {
      "reranker": "anthropic:claude-sonnet-4-20250514",
      "n_valid": 17,
      "n_errors": 1,
      "NDCG_at_10": 0.43280642066422687,
      "HR_at_1": 0.29411764705882354,
      "HR_at_3": 0.2549019607843137,
      "HR_at_5": 0.39215686274509803
    },
    "naija_reviewer_8b": {
      "reranker": "lmstudio:naija-reviewer-8b",
      "n_valid": 18,
      "n_errors": 0,
      "NDCG_at_10": 0.5878963889150707,
      "HR_at_1": 0.4444444444444444,
      "HR_at_3": 0.5555555555555556,
      "HR_at_5": 0.6481481481481481
    },
    "llama_3_3_70b_hf": {
      "reranker": "hf:meta-llama/Llama-3.3-70B-Instruct",
      "n_valid": 16,
      "n_errors": 2,
      "NDCG_at_10": 0.4247157549996423,
      "HR_at_1": 0.3125,
      "HR_at_3": 0.21875,
      "HR_at_5": 0.35416666666666663
    },
    "qwen_2_5_72b_hf": {
      "reranker": "hf:Qwen/Qwen2.5-72B-Instruct",
      "n_valid": 17,
      "n_errors": 1,
      "NDCG_at_10": 0.4037515165011518,
      "HR_at_1": 0.23529411764705882,
      "HR_at_3": 0.18627450980392157,
      "HR_at_5": 0.32352941176470584
    },
    "gpt_oss_120b_ocloud": {
      "reranker": "ollama-cloud:gpt-oss:120b",
      "n_valid": 18,
      "n_errors": 0,
      "NDCG_at_10": 0.44149811550378487,
      "HR_at_1": 0.3333333333333333,
      "HR_at_3": 0.2777777777777778,
      "HR_at_5": 0.37037037037037035
    }
  }
}