{
  "n_raters": 3,
  "n_scenarios_master": 24,
  "fine_tune_hint": "naija",
  "overall": {
    "fine_tune_wins": 15,
    "other_wins": 44,
    "ties": 12,
    "decisive": 59,
    "win_rate": 0.2542372881355932,
    "ci95": [
      0.1605583829520582,
      0.3779638698231735
    ],
    "mean_relevance_fine_tune": 3.0,
    "mean_relevance_other": 3.6805555555555554,
    "n_paired_relevance": 72,
    "krippendorff_alpha": 0.22149122807017563
  },
  "per_rater": {
    "Christianah": {
      "fine_tune_wins": 6,
      "other_wins": 16,
      "ties": 2,
      "decisive": 22,
      "win_rate": 0.2727272727272727,
      "ci95": [
        0.1315058201581444,
        0.4815212369900198
      ],
      "mean_rel_fine_tune": 2.625,
      "mean_rel_other": 3.9166666666666665,
      "n_rel_fine_tune": 24,
      "n_rel_other": 24
    },
    "Uvere_Amarachi_061714": {
      "fine_tune_wins": 3,
      "other_wins": 12,
      "ties": 9,
      "decisive": 15,
      "win_rate": 0.2,
      "ci95": [
        0.07047420643610411,
        0.4518593533465045
      ],
      "mean_rel_fine_tune": 3.7916666666666665,
      "mean_rel_other": 4.25,
      "n_rel_fine_tune": 24,
      "n_rel_other": 24
    },
    "ashinze": {
      "fine_tune_wins": 6,
      "other_wins": 16,
      "ties": 1,
      "decisive": 22,
      "win_rate": 0.2727272727272727,
      "ci95": [
        0.1315058201581444,
        0.4815212369900198
      ],
      "mean_rel_fine_tune": 2.5833333333333335,
      "mean_rel_other": 2.875,
      "n_rel_fine_tune": 24,
      "n_rel_other": 24
    }
  }
}